epoch,step,train_loss
49,49,0.0017188132042065263
99,99,0.0017130918568000197
149,149,0.0017112289788201451
199,199,0.0017095302464440465
