{"trainer/global_step":199,"_timestamp":1.749241115910549e+09,"_runtime":528.746467856,"_step":3,"_wandb":{"runtime":529},"train_loss":1.3036469221115112,"epoch":199}