epoch,step,train_loss
49,49,0.9992352724075317
99,99,0.9991922974586487
