epoch,step,train_loss
49,49,0.9973851442337036
99,99,0.9964626431465149
149,149,0.9957775473594666
